<?xml version="1.0" encoding="UTF-8"?>
<project-private xmlns="http://www.netbeans.org/ns/project-private/1">
    <editor-bookmarks xmlns="http://www.netbeans.org/ns/editor-bookmarks/2" lastBookmarkId="0"/>
    <open-files xmlns="http://www.netbeans.org/ns/projectui-open-files/2">
        <group name="AD">
            <file>file:/Users/Edgardo/Cursos%20impartidos/2017-IES%20Aguadulce-Almería/DAM-DI02/NetBeansProjects/U04_Usabilidad01/src/u04_usabilidad01/CompraProductos.java</file>
        </group>
        <group>
            <file>file:/C:/Users/deivi/OneDrive/Documentos/NetBeansProjects/DI/U04_Usabilidad01/src/u04_usabilidad01/CompraProductos.java</file>
        </group>
    </open-files>
</project-private>
