<?xml version="1.0" encoding="UTF-8"?>
<project-private xmlns="http://www.netbeans.org/ns/project-private/1">
    <editor-bookmarks xmlns="http://www.netbeans.org/ns/editor-bookmarks/2" lastBookmarkId="0"/>
    <open-files xmlns="http://www.netbeans.org/ns/projectui-open-files/2">
        <group>
            <file>file:/C:/Users/deivi/OneDrive/Documentos/NetBeansProjects/DI01_Tarea_DavidLopez/src/di01_tarea_davidlopez/clientes.java</file>
            <file>file:/C:/Users/deivi/OneDrive/Documentos/NetBeansProjects/DI01_Tarea_DavidLopez/src/di01_tarea_davidlopez/DI01_Tarea_DavidLopezApp.java</file>
            <file>file:/C:/Users/deivi/OneDrive/Documentos/NetBeansProjects/DI01_Tarea_DavidLopez/src/di01_tarea_davidlopez/DI01_Tarea_DavidLopezView.java</file>
            <file>file:/C:/Users/deivi/OneDrive/Documentos/NetBeansProjects/DI01_Tarea_DavidLopez/src/di01_tarea_davidlopez/DI01_Tarea_DavidLopezAboutBox.java</file>
        </group>
    </open-files>
</project-private>
